Feature,Correlation
V17,-0.32648106724304177
V14,-0.3025436958067171
V12,-0.2605929248756617
V10,-0.21688294364243574
V16,-0.19653894030460922
V3,-0.19296082706581547
V7,-0.18725659151657928
V11,0.15487564474448923
V4,0.13344748623928526
V18,-0.11148525388864834
V1,-0.10134729859347875
V9,-0.09773268607403889
V5,-0.09497429899147704
V2,0.09128865034253951
V6,-0.04364316070030995
V21,0.04041338061091149
V19,0.03478301303796849
V20,0.020090324195897746
V8,0.019875123914264676
V27,0.017579728188675724
V28,0.009536040916865933
V24,-0.007220906713501626
V13,-0.004569778799431246
V26,0.004455397502438585
V15,-0.004223402267949537
V25,0.0033077055935790706
V23,-0.0026851557391501884
V22,0.000805317504754858
