hour_bucket,transactions,fraud_count,fraud_rate
0,3963,2,0.05046681806712087
1,2217,2,0.09021199819576003
2,1576,21,1.33248730964467
3,1821,13,0.7138934651290499
4,1082,6,0.5545286506469501
5,1681,11,0.6543723973825104
6,1831,3,0.1638448935008192
7,3368,23,0.6828978622327792
8,5179,5,0.09654373431164318
9,7878,15,0.19040365575019041
10,8288,2,0.02413127413127413
11,8517,43,0.504872607725725
12,7732,9,0.11639937920331091
13,7585,9,0.11865524060646013
14,8029,13,0.16191306513887158
15,7836,14,0.17866258295048493
16,7786,14,0.17980991523246853
17,7882,12,0.1522456229383405
18,8607,15,0.17427675148135238
19,7994,7,0.08756567425569177
20,8980,8,0.08908685968819599
21,9895,14,0.1414855987872663
22,8977,3,0.03341873677175003
23,6082,17,0.2795133179875041
24,3732,4,0.10718113612004287
25,2003,8,0.399400898652022
26,1752,36,2.054794520547945
27,1671,4,0.23937761819269898
28,1127,17,1.5084294587400178
29,1309,0,0.0
30,2270,6,0.2643171806167401
31,3875,0,0.0
32,5097,4,0.07847753580537571
33,7960,1,0.01256281407035176
34,8310,6,0.07220216606498195
35,8339,10,0.1199184554502938
36,7688,8,0.10405827263267431
37,7780,8,0.10282776349614395
38,8541,10,0.11708230886313079
39,8625,12,0.1391304347826087
40,8667,8,0.0923041421483789
41,8284,17,0.20521487204249156
42,8432,18,0.21347248576850095
43,7655,12,0.15676028739386022
44,7776,10,0.1286008230452675
45,7808,2,0.025614754098360656
46,6464,6,0.09282178217821782
47,4856,4,0.08237232289950577
